"2016/11/28","768.2400","2177039.0000","760.0000","779.5300","759.8000"
"2016/11/25","761.6800","587421.0000","764.2600","765.0000","760.5200"
"2016/11/23","760.9900","1477501.0000","767.7300","768.2825","755.2500"
"2016/11/22","768.2700","1592372.0000","772.6300","776.9600","767.0000"
"2016/11/21","769.2000","1324431.0000","762.6100","769.7000","760.6000"
"2016/11/18","760.5400","1528555.0000","771.3700","775.0000","760.0000"
"2016/11/17","771.2300","1298484.0000","766.9200","772.7000","764.2300"
"2016/11/16","764.4800","1468196.0000","755.2000","766.3600","750.5100"
"2016/11/15","758.4900","2375056.0000","746.9700","764.4162","746.9700"
"2016/11/14","736.0800","3644965.0000","755.6000","757.8500","727.5400"
"2016/11/11","754.0200","2421889.0000","756.5400","760.7800","750.3800"
"2016/11/10","762.5600","4733916.0000","791.1700","791.1700","752.1800"
"2016/11/09","785.3100","2603860.0000","779.9400","791.2265","771.6700"
"2016/11/08","790.5100","1361472.0000","783.4000","795.6330","780.1900"
"2016/11/07","782.5200","1574426.0000","774.5000","785.1900","772.5500"
"2016/11/04","762.0200","2131948.0000","750.6600","770.3600","750.5611"
"2016/11/03","762.1300","1933937.0000","767.2500","769.9500","759.0300"
"2016/11/02","768.7000","1905814.0000","778.2000","781.6500","763.4496"
"2016/11/01","783.6100","2404898.0000","782.8900","789.4900","775.5400"
"2016/10/31","784.5400","2420892.0000","795.4700","796.8600","784.0000"
"2016/10/28","795.3700","4261912.0000","808.3500","815.4900","793.5900"
"2016/10/27","795.3500","2723097.0000","801.0000","803.4900","791.5000"
"2016/10/26","799.0700","1645403.0000","806.3400","806.9800","796.3200"
"2016/10/25","807.6700","1575020.0000","816.6800","816.6800","805.1400"
"2016/10/24","813.1100","1693162.0000","804.9000","815.1800","804.8200"
"2016/10/21","799.3700","1262042.0000","795.0000","799.5000","794.0000"
"2016/10/20","796.9700","1755546.0000","803.3000","803.9700","796.0300"
"2016/10/19","801.5600","1762990.0000","798.8600","804.6300","797.6350"
"2016/10/18","795.2600","2046338.0000","787.8500","801.6100","785.5650"
"2016/10/17","779.9600","1091524.0000","779.8000","785.8500","777.5000"
"2016/10/14","778.5300","851512.0000","781.6500","783.9500","776.0000"
"2016/10/13","778.1900","1360619.0000","781.2200","781.2200","773.0000"
"2016/10/12","786.1400","935138.0000","783.7600","788.1300","782.0600"
"2016/10/11","783.0700","1371461.0000","786.6600","792.2800","780.5800"
"2016/10/10","785.9400","1161410.0000","777.7100","789.3800","775.8700"
"2016/10/07","775.0800","932444.0000","779.6600","779.6600","770.7500"
"2016/10/06","776.8600","1066910.0000","779.0000","780.4800","775.5400"
"2016/10/05","776.4700","1457661.0000","779.3100","782.0700","775.6500"
"2016/10/04","776.4300","1198361.0000","776.0300","778.7100","772.8900"
"2016/10/03","772.5600","1276614.0000","774.2500","776.0650","769.5000"
"2016/09/30","777.2900","1583293.0000","776.3300","780.9400","774.0900"
"2016/09/29","775.0100","1310252.0000","781.4400","785.8000","774.2320"
"2016/09/28","781.5600","1108249.0000","777.8500","781.8100","774.9700"
"2016/09/27","783.0100","1152760.0000","775.5000","785.9899","774.3080"
"2016/09/26","774.2100","1531788.0000","782.7400","782.7400","773.0700"
"2016/09/23","786.9000","1411439.0000","786.5900","788.9300","784.1500"
"2016/09/22","787.2100","1483899.0000","780.0000","789.8500","778.4400"
"2016/09/21","776.2200","1166290.0000","772.6600","777.1600","768.3010"
"2016/09/20","771.4100","975434.0000","769.0000","773.3300","768.5300"
"2016/09/19","765.7000","1171969.0000","772.4200","774.0000","764.4406"
"2016/09/16","768.8800","2047036.0000","769.7500","769.7500","764.6600"
"2016/09/15","771.7600","1344945.0000","762.8900","773.8000","759.9600"
"2016/09/14","762.4900","1093723.0000","759.6100","767.6800","759.1100"
"2016/09/13","759.6900","1394158.0000","764.4800","766.2195","755.8000"
"2016/09/12","769.0200","1310493.0000","755.1300","770.2900","754.0001"
"2016/09/09","759.6600","1879903.0000","770.1000","773.2450","759.6600"
"2016/09/08","775.3200","1268663.0000","778.5900","780.3500","773.5800"
"2016/09/07","780.3500","893874.0000","780.0000","782.7300","776.2000"
"2016/09/06","780.0800","1441864.0000","773.4500","782.0000","771.0000"
"2016/09/02","771.4600","1070725.0000","773.0100","773.9199","768.4100"
"2016/09/01","768.7800","925019.0000","769.2500","771.0200","764.3000"
"2016/08/31","767.0500","1247937.0000","767.0100","769.0900","765.3800"
"2016/08/30","769.0900","1129932.0000","769.3300","774.4660","766.8400"
"2016/08/29","772.1500","847537.0000","768.7400","774.9900","766.6150"
"2016/08/26","769.5400","1164713.0000","769.0000","776.0799","765.8500"
"2016/08/25","769.4100","926856.0000","767.0000","771.8900","763.1846"
"2016/08/24","769.6400","1071569.0000","770.5800","774.5000","767.0700"
"2016/08/23","772.0800","925356.0000","775.4800","776.4400","771.7850"
"2016/08/22","772.1500","950417.0000","773.2700","774.5400","770.0502"
"2016/08/19","775.4200","860899.0000","775.0000","777.1000","773.1300"
"2016/08/18","777.5000","718882.0000","780.0100","782.8600","777.0000"
"2016/08/17","779.9100","921666.0000","777.3200","780.8100","773.5300"
"2016/08/16","777.1400","1027836.0000","780.3000","780.9800","773.4440"
"2016/08/15","782.4400","938183.0000","783.7500","787.4900","780.1100"
"2016/08/12","783.2200","739761.0000","781.5000","783.3950","780.4000"
"2016/08/11","784.8500","971742.0000","785.0000","789.7500","782.9700"
"2016/08/10","784.6800","784559.0000","783.7500","786.8123","782.7780"
"2016/08/09","784.2600","1318457.0000","781.1000","788.9400","780.5700"
"2016/08/08","781.7600","1106693.0000","782.0000","782.6300","778.0910"
"2016/08/05","782.2200","1799478.0000","773.7800","783.0400","772.3400"
"2016/08/04","771.6100","1139972.0000","772.2200","774.0700","768.7950"
"2016/08/03","773.1800","1283186.0000","767.1800","773.2100","766.8200"
"2016/08/02","771.0700","1782822.0000","768.6900","775.8400","767.8500"
"2016/08/01","772.8800","2697699.0000","761.0900","780.4300","761.0900"
"2016/07/29","768.7900","3830103.0000","772.7100","778.5500","766.7700"
"2016/07/28","745.9100","3473040.0000","747.0400","748.6500","739.3000"
"2016/07/27","741.7700","1509133.0000","738.2800","744.4600","737.0000"
"2016/07/26","738.4200","1182993.0000","739.0400","741.6900","734.2700"
"2016/07/25","739.7700","1031643.0000","740.6700","742.6100","737.5000"
"2016/07/22","742.7400","1256741.0000","741.8600","743.2400","736.5600"
"2016/07/21","738.6300","1022229.0000","740.3600","741.6900","735.8310"
"2016/07/20","741.1900","1283931.0000","737.3300","742.1300","737.1000"
"2016/07/19","736.9600","1225467.0000","729.8900","736.9900","729.0000"
"2016/07/18","733.7800","1284740.0000","722.7100","736.1300","721.1900"
"2016/07/15","719.8500","1277514.0000","725.7300","725.7400","719.0550"
"2016/07/14","720.9500","949456.0000","721.5800","722.2100","718.0300"
"2016/07/13","716.9800","933352.0000","723.6200","724.0000","716.8500"
"2016/07/12","720.6400","1336112.0000","719.1200","722.9400","715.9100"
"2016/07/11","715.0900","1107039.0000","708.0500","716.5100","707.2400"
"2016/07/08","705.6300","1573909.0000","699.5000","705.7100","696.4350"
"2016/07/07","695.3600","1303661.0000","698.0800","698.2000","688.2150"
"2016/07/06","697.7700","1411080.0000","689.9800","701.6800","689.0900"
"2016/07/05","694.4900","1462879.0000","696.0600","696.9400","688.8800"
"2016/07/01","699.2100","1344387.0000","692.2000","700.6500","692.1301"
"2016/06/30","692.1000","1597298.0000","685.4700","692.3200","683.6500"
"2016/06/29","684.1100","1931436.0000","683.0000","687.4292","681.4100"
"2016/06/28","680.0400","2169704.0000","678.9700","680.3300","673.0000"
"2016/06/27","668.2600","2632011.0000","671.0000","672.3000","663.2840"
"2016/06/24","675.2200","4442943.0000","675.1700","689.4000","673.4500"
"2016/06/23","701.8700","2166183.0000","697.4500","701.9500","687.0000"
"2016/06/22","697.4600","1182161.0000","699.0600","700.8600","693.0819"
"2016/06/21","695.9400","1464836.0000","698.4000","702.7700","692.0100"
"2016/06/20","693.7100","2080645.0000","698.7700","702.4800","693.4100"
"2016/06/17","691.7200","3397720.0000","708.6500","708.8200","688.4515"
"2016/06/16","710.3600","1981657.0000","714.9100","716.6500","703.2600"
"2016/06/15","718.9200","1213386.0000","719.0000","722.9800","717.3100"
"2016/06/14","718.2700","1303808.0000","716.4800","722.4700","713.1200"
"2016/06/13","718.3600","1255199.0000","716.5100","725.4400","716.5100"
"2016/06/10","719.4100","1213989.0000","719.4700","725.8900","716.4300"
"2016/06/09","728.5800","987635.0000","722.8700","729.5400","722.3361"
"2016/06/08","728.2800","1583325.0000","723.9600","728.5700","720.5800"
"2016/06/07","716.6500","1336348.0000","719.8400","721.9800","716.5500"
"2016/06/06","716.5500","1565955.0000","724.9100","724.9100","714.6100"
"2016/06/03","722.3400","1225924.0000","729.2700","729.4900","720.5600"
"2016/06/02","730.4000","1340664.0000","732.5000","733.0200","724.1700"
"2016/06/01","734.1500","1251468.0000","734.5300","737.2100","730.6600"
"2016/05/31","735.7200","2128358.0000","731.7400","739.7300","731.2600"
"2016/05/27","732.6600","1974425.0000","724.0100","733.9360","724.0000"
"2016/05/26","724.1200","1573635.0000","722.8700","728.3300","720.2800"
"2016/05/25","725.2700","1629790.0000","720.7600","727.5100","719.7047"
"2016/05/24","720.0900","1926828.0000","706.8600","720.9700","706.8600"
"2016/05/23","704.2400","1326386.0000","706.5300","711.4781","704.1800"
"2016/05/20","709.7400","1825830.0000","701.6200","714.5800","700.5200"
"2016/05/19","700.3200","1668887.0000","702.3600","706.0000","696.8000"
"2016/05/18","706.6300","1765632.0000","703.6700","711.6000","700.6300"
"2016/05/17","706.2300","1999883.0000","715.9900","721.5200","704.1100"
"2016/05/16","716.4900","1316719.0000","709.1300","718.4800","705.6500"
"2016/05/13","710.8300","1307559.0000","711.9300","716.6619","709.2600"
"2016/05/12","713.3100","1361170.0000","717.0600","719.2500","709.0000"
"2016/05/11","715.2900","1690862.0000","723.4100","724.4800","712.8000"
"2016/05/10","723.1800","1568621.0000","716.7500","723.5000","715.7200"
"2016/05/09","712.9000","1509892.0000","712.0000","718.7100","710.0000"
"2016/05/06","711.1200","1828508.0000","698.3800","711.8600","698.1067"
"2016/05/05","701.4300","1680220.0000","697.7000","702.3199","695.7200"
"2016/05/04","695.7000","1692757.0000","690.4900","699.7500","689.0100"
"2016/05/03","692.3600","1541297.0000","696.8700","697.8400","692.0000"
"2016/05/02","698.2100","1645013.0000","697.6300","700.6400","691.0000"
"2016/04/29","693.0100","2486584.0000","690.7000","697.6200","689.0000"
"2016/04/28","691.0200","2859790.0000","708.2600","714.1700","689.5500"
"2016/04/27","705.8400","3094905.0000","707.2900","708.9800","692.3651"
"2016/04/26","708.1400","2739133.0000","725.4200","725.7660","703.0264"
"2016/04/25","723.1500","1956956.0000","716.1000","723.9300","715.5900"
"2016/04/22","718.7700","5949699.0000","726.3000","736.1200","713.6100"
"2016/04/21","759.1400","2995094.0000","755.3800","760.4500","749.5500"
"2016/04/20","752.6700","1526776.0000","758.0000","758.1315","750.0100"
"2016/04/19","753.9300","2027962.0000","769.5100","769.9000","749.3300"
"2016/04/18","766.6100","1557199.0000","760.4600","768.0500","757.3000"
"2016/04/15","759.0000","1807062.0000","753.9800","761.0000","752.6938"
"2016/04/14","753.2000","1134056.0000","754.0100","757.3100","752.7050"
"2016/04/13","751.7200","1707397.0000","749.1600","754.3800","744.2610"
"2016/04/12","743.0900","1349780.0000","738.0000","743.8300","731.0100"
"2016/04/11","736.1000","1218789.0000","743.0200","745.0000","736.0500"
"2016/04/08","739.1500","1289869.0000","743.9700","745.4500","735.5500"
"2016/04/07","740.2800","1452369.0000","745.3700","746.9999","736.2800"
"2016/04/06","745.6900","1052171.0000","735.7700","746.2400","735.5600"
"2016/04/05","737.8000","1130817.0000","738.0000","742.8000","735.3700"
"2016/04/04","745.2900","1134214.0000","750.0600","752.8000","742.4300"
"2016/04/01","749.9100","1576240.0000","738.6000","750.3400","737.0000"
"2016/03/31","744.9500","1718638.0000","749.2500","750.8500","740.9400"
"2016/03/30","750.5300","1782278.0000","750.1000","757.8800","748.7400"
"2016/03/29","744.7700","1902254.0000","734.5900","747.2500","728.7600"
"2016/03/28","733.5300","1300817.0000","736.7900","738.9900","732.5000"
"2016/03/24","735.3000","1570474.0000","732.0100","737.7470","731.0000"
"2016/03/23","738.0600","1431130.0000","742.3600","745.7199","736.1500"
"2016/03/22","740.7500","1269263.0000","737.4600","745.0000","737.4600"
"2016/03/21","742.0900","1835963.0000","736.5000","742.5000","733.5157"
"2016/03/18","737.6000","2982194.0000","741.8600","742.0000","731.8300"
"2016/03/17","737.7800","1859562.0000","736.4500","743.0700","736.0000"
"2016/03/16","736.0900","1621412.0000","726.3700","737.4700","724.5100"
"2016/03/15","728.3300","1720790.0000","726.9200","732.2900","724.7700"
"2016/03/14","730.4900","1717002.0000","726.8100","735.5000","725.1500"
"2016/03/11","726.8200","1968164.0000","720.0000","726.9200","717.1250"
"2016/03/10","712.8200","2830630.0000","708.1200","716.4400","703.3600"
"2016/03/09","705.2400","1419661.0000","698.4700","705.6800","694.0000"
"2016/03/08","693.9700","2075305.0000","688.5900","703.7900","685.3400"
"2016/03/07","695.1600","2986064.0000","706.9000","708.0912","686.9000"
"2016/03/04","710.8900","1971379.0000","714.9900","716.4900","706.0200"
"2016/03/03","712.4200","1956958.0000","718.6800","719.4500","706.0200"
"2016/03/02","718.8500","1629501.0000","719.0000","720.0000","712.0000"
"2016/03/01","718.8100","2148608.0000","703.6200","718.8100","699.7700"
"2016/02/29","697.7700","2478214.0000","700.3200","710.8900","697.6800"
"2016/02/26","705.0700","2241785.0000","708.5800","713.4300","700.8600"
"2016/02/25","705.7500","1640430.0000","700.0100","705.9800","690.5850"
"2016/02/24","699.5600","1961258.0000","688.9200","700.0000","680.7800"
"2016/02/23","695.8500","2006572.0000","701.4500","708.4000","693.5800"
"2016/02/22","706.4600","1949046.0000","707.4500","713.2400","702.5100"
"2016/02/19","700.9100","1585152.0000","695.0300","703.0805","694.0500"
"2016/02/18","697.3500","1880306.0000","710.0000","712.3500","696.0300"
"2016/02/17","708.4000","2490021.0000","699.0000","709.7500","691.3800"
"2016/02/16","691.0000","2517324.0000","692.9800","698.0000","685.0500"
"2016/02/12","682.4000","2138937.0000","690.2600","693.7500","678.6000"
"2016/02/11","683.1100","3021587.0000","675.0000","689.3500","668.8675"
"2016/02/10","684.1200","2629130.0000","686.8600","701.3100","682.1300"
"2016/02/09","678.1100","3605792.0000","672.3200","699.9000","668.7700"
"2016/02/08","682.7400","4241416.0000","667.8500","684.0300","663.0600"
"2016/02/05","683.5700","5098357.0000","703.8700","703.9900","680.1500"
"2016/02/04","708.0100","5157988.0000","722.8100","727.0000","701.8600"
"2016/02/03","726.9500","6166731.0000","770.2200","774.5000","720.5000"
"2016/02/02","764.6500","6340548.0000","784.5000","789.8699","764.6500"
"2016/02/01","752.0000","5065235.0000","750.4600","757.8600","743.2700"
"2016/01/29","742.9500","3464432.0000","731.5300","744.9899","726.8000"
"2016/01/28","730.9600","2664956.0000","722.2200","733.6900","712.3500"
"2016/01/27","699.9900","2175913.0000","713.6700","718.2350","694.3900"
"2016/01/26","713.0400","1329141.0000","713.8500","718.2800","706.4800"
"2016/01/25","711.6700","1709777.0000","723.5800","729.6800","710.0100"
"2016/01/22","725.2500","2009951.0000","723.6000","728.1300","720.1210"
"2016/01/21","706.5900","2411079.0000","702.1800","719.1900","694.4600"
"2016/01/20","698.4500","3441642.0000","688.6100","706.8500","673.2600"
"2016/01/19","701.7900","2264747.0000","703.3000","709.9800","693.4101"
"2016/01/15","694.4500","3604137.0000","692.2900","706.7400","685.3700"
"2016/01/14","714.7200","2225495.0000","705.3800","721.9250","689.1000"
"2016/01/13","700.5600","2497086.0000","730.8500","734.7400","698.6100"
"2016/01/12","726.0700","2010026.0000","721.6800","728.7500","717.3165"
"2016/01/11","716.0300","2089495.0000","716.6100","718.8550","703.5400"
"2016/01/08","714.4700","2449420.0000","731.4500","733.2300","713.0000"
"2016/01/07","726.3900","2960578.0000","730.3100","738.5000","719.0600"
"2016/01/06","743.6200","1943685.0000","730.0000","747.1800","728.9200"
"2016/01/05","742.5800","1949386.0000","746.4500","752.0000","738.6400"
"2016/01/04","741.8400","3271348.0000","743.0000","744.0600","731.2577"
"2015/12/31","758.8800","1500129.0000","769.5000","769.5000","758.3400"
"2015/12/30","771.0000","1293514.0000","776.6000","777.6000","766.9000"
"2015/12/29","776.6000","1764044.0000","766.6900","779.9800","766.4300"
"2015/12/28","762.5100","1515574.0000","752.9200","762.9900","749.5200"
"2015/12/24","748.4000","527223.0000","749.5500","751.3500","746.6200"
"2015/12/23","750.3100","1566723.0000","753.4700","754.2100","744.0000"
"2015/12/22","750.0000","1365420.0000","751.6500","754.8500","745.5300"
"2015/12/21","747.7700","1524535.0000","746.1300","750.0000","740.0000"
"2015/12/18","739.3100","3140906.0000","746.5100","754.1300","738.1500"
"2015/12/17","749.4300","1551087.0000","762.4200","762.6800","749.0000"
"2015/12/16","758.0900","1986319.0000","750.0000","760.5900","739.4350"
"2015/12/15","743.4000","2661199.0000","753.0000","758.0800","743.0100"
"2015/12/14","747.7700","2417778.0000","741.7900","748.7300","724.1700"
"2015/12/11","738.8700","2223284.0000","741.1600","745.7100","736.7500"
"2015/12/10","749.4600","1988035.0000","752.8500","755.8500","743.8300"
"2015/12/09","751.6100","2697978.0000","759.1700","764.2300","737.0010"
"2015/12/08","762.3700","1829004.0000","757.8900","764.8000","754.2000"
"2015/12/07","763.2500","1811336.0000","767.7700","768.7300","755.0900"
"2015/12/04","766.8100","2756194.0000","753.1000","768.4900","750.0000"
"2015/12/03","752.5400","2589641.0000","766.0100","768.9950","745.6300"
"2015/12/02","762.3800","2196721.0000","768.9000","775.9550","758.9600"
"2015/12/01","767.0400","2131827.0000","747.1100","768.9500","746.7000"
"2015/11/30","742.6000","2045584.0000","748.8100","754.9300","741.2700"
"2015/11/27","750.2600","838528.0000","748.4600","753.4100","747.4900"
"2015/11/25","748.1500","1122224.0000","748.1400","752.0000","746.0600"
"2015/11/24","748.2800","2333700.0000","752.0000","755.2790","737.6300"
"2015/11/23","755.9800","1414640.0000","757.4500","762.7075","751.8200"
"2015/11/20","756.6000","2212934.0000","746.5300","757.9200","743.0000"
"2015/11/19","738.4100","1327265.0000","738.7400","742.0000","737.4300"
"2015/11/18","740.0000","1683978.0000","727.5800","741.4100","727.0000"
"2015/11/17","725.3000","1507449.0000","729.2900","731.8450","723.0270"
"2015/11/16","728.9600","1904395.0000","715.6000","729.4900","711.3300"
"2015/11/13","717.0000","2072392.0000","729.1700","731.1500","716.7300"
"2015/11/12","731.2300","1836567.0000","731.0000","737.8000","728.6450"
"2015/11/11","735.4000","1366611.0000","732.4600","741.0000","730.2300"
"2015/11/10","728.3200","1606499.0000","724.4000","730.5900","718.5001"
"2015/11/09","724.8900","2068920.0000","730.2000","734.7100","719.4300"
"2015/11/06","733.7600","1510586.0000","731.5000","735.4100","727.0100"
"2015/11/05","731.2500","1861100.0000","729.4700","739.4800","729.4700"
"2015/11/04","728.1100","1705745.0000","722.0000","733.1000","721.9000"
"2015/11/03","722.1600","1565355.0000","718.8600","724.6500","714.7200"
"2015/11/02","721.1100","1885155.0000","711.0600","721.6200","705.8500"
"2015/10/30","710.8100","1907732.0000","715.7300","718.0000","710.0500"
"2015/10/29","716.9200","1455508.0000","710.5000","718.2600","710.0100"
"2015/10/28","712.9500","2178841.0000","707.3300","712.9800","703.0800"
"2015/10/27","708.4900","2232183.0000","707.3800","713.6200","704.5500"
"2015/10/26","712.7800","2709292.0000","701.5500","719.1500","701.2600"
"2015/10/23","702.0000","6651909.0000","727.5000","730.0000","701.5000"
"2015/10/22","651.7900","3994360.0000","646.7000","657.8000","644.0100"
"2015/10/21","642.6100","1792869.0000","654.1500","655.8700","641.7300"
"2015/10/20","650.2800","2498077.0000","664.0400","664.7197","644.1950"
"2015/10/19","666.1000","1465691.0000","661.1800","666.8200","659.5800"
"2015/10/16","662.2000","1610712.0000","664.1100","664.9700","657.2000"
"2015/10/15","661.7400","1832832.0000","654.6600","663.1300","654.4600"
"2015/10/14","651.1600","1413798.0000","653.2100","659.3900","648.8500"
"2015/10/13","652.3000","1806003.0000","643.1500","657.8125","643.1500"
"2015/10/12","646.6700","1275565.0000","642.0900","648.5000","639.0100"
"2015/10/09","643.6100","1648656.0000","640.0000","645.9900","635.3180"
"2015/10/08","639.1600","2181990.0000","641.3600","644.4500","625.5600"
"2015/10/07","642.3600","2092536.0000","649.2400","650.6090","632.1500"
"2015/10/06","645.4400","2235078.0000","638.8400","649.2500","636.5295"
"2015/10/05","641.4700","1802263.0000","632.0000","643.0100","627.0000"
"2015/10/02","626.9100","2681241.0000","607.2000","627.3400","603.1300"
"2015/10/01","611.2900","1866223.0000","608.3700","612.0900","599.8500"
"2015/09/30","608.4200","2412754.0000","603.2800","608.7600","600.7300"
"2015/09/29","594.9700","2310065.0000","597.2800","605.0000","590.2200"
"2015/09/28","594.8900","3118693.0000","610.3400","614.6050","589.3800"
"2015/09/25","611.9700","2173134.0000","629.7700","629.7700","611.0000"
"2015/09/24","625.8000","2238097.0000","616.6400","627.3200","612.4000"
"2015/09/23","622.3600","1470633.0000","622.0500","628.9300","620.0000"
"2015/09/22","622.6900","2561551.0000","627.0000","627.5500","615.4300"
"2015/09/21","635.4400","1786543.0000","634.4000","636.4900","625.9400"
"2015/09/18","629.2500","5123314.0000","636.7900","640.0000","627.0200"
"2015/09/17","642.9000","2259404.0000","637.7900","650.9000","635.0200"
"2015/09/16","635.9800","1276250.0000","635.4700","637.9500","632.3200"
"2015/09/15","635.1400","2082426.0000","626.7000","638.7000","623.7800"
"2015/09/14","623.2400","1701618.0000","625.7000","625.8600","619.4300"
"2015/09/11","625.7700","1372803.0000","619.7500","625.7800","617.4200"
"2015/09/10","621.3500","1903334.0000","613.1000","624.1600","611.4300"
"2015/09/09","612.7200","1699686.0000","621.2200","626.5200","609.6000"
"2015/09/08","614.6600","2277487.0000","612.4900","616.3100","604.1200"
"2015/09/04","600.7000","2087028.0000","600.0000","603.4700","595.2500"
"2015/09/03","606.2500","1757851.0000","617.0000","619.7100","602.8213"
"2015/09/02","614.3400","2573982.0000","605.5900","614.3400","599.7100"
"2015/09/01","597.7900","3699844.0000","602.3600","612.8600","594.1000"
"2015/08/31","618.2500","2172168.0000","627.5400","635.8000","617.6800"
"2015/08/28","630.3800","1975818.0000","632.8200","636.8800","624.5600"
"2015/08/27","637.6100","3485906.0000","639.4000","643.5900","622.0000"
"2015/08/26","628.6200","4187276.0000","610.3500","631.7100","599.0500"
"2015/08/25","582.0600","3521916.0000","614.9100","617.4500","581.1100"
"2015/08/24","589.6100","5727282.0000","573.0000","614.0000","565.0500"
"2015/08/21","612.4800","4261666.0000","639.7800","640.0500","612.3300"
"2015/08/20","646.8300","2854028.0000","655.4600","662.9900","642.9000"
"2015/08/19","660.9000","2132265.0000","656.6000","667.0000","654.1900"
"2015/08/18","656.1300","1455664.0000","661.9000","664.0000","653.4600"
"2015/08/17","660.8700","1050553.0000","656.8000","661.3800","651.2400"
"2015/08/14","657.1200","1071333.0000","655.0100","659.8550","652.6600"
"2015/08/13","656.4500","1807182.0000","659.3230","664.5000","651.6610"
"2015/08/12","659.5600","2938651.0000","663.0800","665.0000","652.2900"
"2015/08/11","660.7800","5016425.0000","669.2000","674.9000","654.2700"
"2015/08/10","633.7300","1653836.0000","639.4800","643.4400","631.2490"
"2015/08/07","635.3000","1403441.0000","640.2300","642.6800","629.7100"
"2015/08/06","642.6800","1572150.0000","645.0000","645.3790","632.2500"
"2015/08/05","643.7800","2331720.0000","634.3300","647.8600","633.1600"
"2015/08/04","629.2500","1486858.0000","628.4200","634.8100","627.1600"
"2015/08/03","631.2100","1301439.0000","625.3400","633.0556","625.3400"
"2015/07/31","625.6100","1705286.0000","631.3800","632.9100","625.5000"
"2015/07/30","632.5900","1472286.0000","630.0000","635.2200","622.0500"
"2015/07/29","631.9300","1573146.0000","628.8000","633.3600","622.6500"
"2015/07/28","628.0000","1713684.0000","632.8300","632.8300","623.3100"
"2015/07/27","627.2600","2673801.0000","621.0000","634.3000","620.5000"
"2015/07/24","623.5600","3622089.0000","647.0000","648.1700","622.5200"
"2015/07/23","644.2800","3014035.0000","661.2700","663.6300","641.0000"
"2015/07/22","662.1000","3707818.0000","660.8900","678.6400","659.0000"
"2015/07/21","662.3000","3363342.0000","655.2100","673.0000","654.3000"
"2015/07/20","663.0200","5857092.0000","659.2400","668.8800","653.0100"
"2015/07/17","672.9300","11153500.0000","649.0000","674.4680","645.0000"
"2015/07/16","579.8500","4559712.0000","565.1200","580.6800","565.0000"
"2015/07/15","560.2200","1782264.0000","560.1300","566.5029","556.7900"
"2015/07/14","561.1000","3231284.0000","546.7600","565.8487","546.7100"
"2015/07/13","546.5500","2204610.0000","532.8800","547.1100","532.4001"
"2015/07/10","530.1300","1954951.0000","526.2900","532.5600","525.5500"
"2015/07/09","520.6800","1840155.0000","523.1200","523.7700","520.3500"
"2015/07/08","516.8300","1293372.0000","521.0500","522.7340","516.1100"
"2015/07/07","525.0200","1595672.0000","523.1300","526.1800","515.1800"
"2015/07/06","522.8600","1278587.0000","519.5000","525.2500","519.0000"
"2015/07/02","523.4000","1235773.0000","521.0800","524.6500","521.0800"
"2015/07/01","521.8400","1961197.0000","524.7300","525.6900","518.2305"
"2015/06/30","520.5100","2234284.0000","526.0200","526.2500","520.5000"
"2015/06/29","521.5200","1935361.0000","525.0100","528.6100","520.5400"
"2015/06/26","531.6900","2108629.0000","537.2600","537.7600","531.3500"
"2015/06/25","535.2300","1332412.0000","538.8700","540.9000","535.2300"
"2015/06/24","537.8400","1286576.0000","540.0000","540.0000","535.6600"
"2015/06/23","540.4800","1196115.0000","539.6400","541.4990","535.2500"
"2015/06/22","538.1900","1243535.0000","539.5900","543.7400","537.5300"
"2015/06/19","536.6900","1890916.0000","537.2100","538.2500","533.0100"
"2015/06/18","536.7300","1832450.0000","531.0000","538.1500","530.7900"
"2015/06/17","529.2600","1269113.0000","529.3700","530.9800","525.1000"
"2015/06/16","528.1500","1071728.0000","528.4000","529.6399","525.5600"
"2015/06/15","527.2000","1632675.0000","528.0000","528.3000","524.0000"
"2015/06/12","532.3300","955489.0000","531.6000","533.1200","530.1600"
"2015/06/11","534.6100","1208632.0000","538.4250","538.9800","533.0200"
"2015/06/10","536.6900","1813775.0000","529.3600","538.3600","529.3500"
"2015/06/09","526.6900","1454172.0000","527.5600","529.2000","523.0100"
"2015/06/08","526.8300","1523960.0000","533.3100","534.1200","526.2400"
"2015/06/05","533.3300","1375008.0000","536.3500","537.2000","532.5200"
"2015/06/04","536.7000","1346044.0000","537.7600","540.5900","534.3200"
"2015/06/03","540.3100","1716836.0000","539.9100","543.5000","537.1100"
"2015/06/02","539.1800","1936721.0000","532.9300","543.0000","531.3300"
"2015/06/01","533.9900","1900257.0000","536.7900","536.7900","529.7600"
"2015/05/29","532.1100","2590445.0000","537.3700","538.6300","531.4500"
"2015/05/28","539.7800","1029764.0000","538.0100","540.6100","536.2500"
"2015/05/27","539.7900","1524783.0000","532.8000","540.5500","531.7100"
"2015/05/26","532.3200","2404462.0000","538.1200","539.0000","529.8800"
"2015/05/22","540.1100","1175065.0000","540.1500","544.1900","539.5100"
"2015/05/21","542.5100","1461431.0000","537.9500","543.8399","535.9800"
"2015/05/20","539.2700","1430565.0000","538.4900","542.9200","532.9720"
"2015/05/19","537.3600","1964037.0000","533.9800","540.6600","533.0400"
"2015/05/18","532.3000","2001117.0000","532.0100","534.8200","528.8500"
"2015/05/15","533.8500","1965088.0000","539.1800","539.2743","530.3800"
"2015/05/14","538.4000","1401005.0000","533.7700","539.0000","532.4100"
"2015/05/13","529.6200","1253005.0000","530.5600","534.3215","528.6550"
"2015/05/12","529.0400","1633180.0000","531.6000","533.2089","525.2600"
"2015/05/11","535.7000","904465.0000","538.3700","541.9800","535.4000"
"2015/05/08","538.2200","1527181.0000","536.6500","541.1500","536.0000"
"2015/05/07","530.7000","1543986.0000","523.9900","533.4600","521.7500"
"2015/05/06","524.2200","1566865.0000","531.2400","532.3800","521.0850"
"2015/05/05","530.8000","1380519.0000","538.2100","539.7400","530.3906"
"2015/05/04","540.7800","1303830.0000","538.5300","544.0700","535.0600"
"2015/05/01","537.9000","1758085.0000","538.4300","539.5400","532.1000"
"2015/04/30","537.3400","2080834.0000","547.8700","548.5900","535.0500"
"2015/04/29","549.0800","1696886.0000","550.4700","553.6800","546.9050"
"2015/04/28","553.6800","1490735.0000","554.6400","556.0200","550.3660"
"2015/04/27","555.3700","2390696.0000","563.3900","565.9500","553.2001"
"2015/04/24","565.0600","4916008.0000","566.1000","571.1400","557.2500"
"2015/04/23","547.0000","4129218.0000","541.0000","550.9600","540.2300"
"2015/04/22","539.3650","1582956.0000","534.4000","541.0800","531.7500"
"2015/04/21","533.9700","1838719.0000","537.5100","539.3900","533.6750"
"2015/04/20","535.3800","1674958.0000","525.6000","536.0900","524.5000"
"2015/04/17","524.0500","2143872.0000","528.6600","529.8400","521.0100"
"2015/04/16","533.8000","1293690.0000","529.9000","535.5900","529.6100"
"2015/04/15","532.5300","2305585.0000","528.7000","534.7300","523.2200"
"2015/04/14","530.3900","2590747.0000","536.2500","537.5699","528.0925"
"2015/04/13","539.1700","1640741.0000","538.4100","544.0600","537.3100"
"2015/04/10","540.0100","1405136.0000","542.2900","542.2900","537.3100"
"2015/04/09","540.7800","1551831.0000","541.0300","541.9500","535.4900"
"2015/04/08","541.6100","1171860.0000","538.3800","543.8500","538.3800"
"2015/04/07","537.0200","1299253.0000","538.0800","542.6900","536.0000"
"2015/04/06","536.7650","1317628.0000","532.2200","538.4100","529.5700"
"2015/04/02","535.5300","1709833.0000","540.8500","540.8500","533.8467"
"2015/04/01","542.5600","1951319.0000","548.6000","551.1400","539.5000"
"2015/03/31","548.0000","1583330.0000","550.0000","554.7100","546.7200"
"2015/03/30","552.0300","1283210.0000","551.6200","553.4700","548.1700"
"2015/03/27","548.3400","1890816.0000","553.0000","555.2800","548.1300"
"2015/03/26","555.1700","1565551.0000","557.5900","558.9000","550.6500"
"2015/03/25","558.7850","2144268.0000","570.5000","572.2600","558.7400"
"2015/03/24","570.1900","2573339.0000","562.5600","574.5900","561.2100"
"2015/03/23","558.8100","1639186.0000","560.4300","562.3600","555.8300"
"2015/03/20","560.3600","2607253.0000","561.6500","561.7200","559.0500"
"2015/03/19","557.9900","1192429.0000","559.3900","560.8000","556.1450"
"2015/03/18","559.5000","2125596.0000","552.5000","559.7800","547.0001"
"2015/03/17","550.8400","1800550.0000","551.7100","553.8000","548.0000"
"2015/03/16","554.5100","1636083.0000","550.9500","556.8500","546.0000"
"2015/03/13","547.3200","1697602.0000","553.5000","558.4000","544.2200"
"2015/03/12","555.5100","1385657.0000","553.5100","556.3700","550.4600"
"2015/03/11","551.1800","1815503.0000","555.1400","558.1400","550.6800"
"2015/03/10","555.0100","1785438.0000","564.2500","564.8500","554.7300"
"2015/03/09","568.8500","1059336.0000","566.8600","570.2700","563.5350"
"2015/03/06","567.6850","1647702.0000","574.8800","576.6799","566.7600"
"2015/03/05","575.3300","1385303.0000","575.0200","577.9100","573.4100"
"2015/03/04","573.3700","1869830.0000","571.8700","577.1100","568.0100"
"2015/03/03","573.6400","1696631.0000","570.4500","575.3900","566.5200"
"2015/03/02","571.3400","2121542.0000","560.5300","572.1500","558.7500"
"2015/02/27","558.4000","2402191.0000","554.2400","564.7100","552.9000"
"2015/02/26","555.4800","2303785.0000","543.2100","556.1400","541.5000"
"2015/02/25","543.8700","1820199.0000","535.9000","546.2200","535.4450"
"2015/02/24","536.0900","1002313.0000","530.0000","536.7900","528.2500"
"2015/02/23","531.9100","1453049.0000","536.0500","536.4390","529.4100"
"2015/02/20","538.9500","1441147.0000","543.1300","543.7500","535.8000"
"2015/02/19","542.8700","986623.0000","538.0400","543.1100","538.0100"
"2015/02/18","539.7000","1448453.0000","541.4000","545.4900","537.5100"
"2015/02/17","542.8400","1609871.0000","546.8300","550.0000","541.0900"
"2015/02/13","549.0100","1876720.0000","543.3500","549.9100","543.1300"
"2015/02/12","542.9300","1612310.0000","537.2500","544.8200","534.6730"
"2015/02/11","535.9700","1372342.0000","535.3000","538.4500","533.3775"
"2015/02/10","536.9400","1744529.0000","529.3000","537.7000","526.9200"
"2015/02/09","527.8300","1263243.0000","528.0000","532.0000","526.0200"
"2015/02/06","531.0000","1758422.0000","527.6400","537.2000","526.4100"
"2015/02/05","527.5800","1843714.0000","523.7900","528.5000","522.0900"
"2015/02/04","522.7600","1657900.0000","529.2400","532.6715","521.2700"
"2015/02/03","529.2400","2032952.0000","528.0000","533.4000","523.2600"
"2015/02/02","528.4800","2836638.0000","531.7300","533.0000","518.5500"
"2015/01/30","534.5200","5588904.0000","515.8600","539.8700","515.5200"
"2015/01/29","510.6600","4105168.0000","511.0000","511.0900","501.2000"
"2015/01/28","510.0000","1677083.0000","522.7800","522.9900","510.0000"
"2015/01/27","518.6300","1897347.0000","529.9700","530.7000","518.1900"
"2015/01/26","535.2100","1538786.0000","538.5300","539.0000","529.6700"
"2015/01/23","539.9500","2272098.0000","535.5900","542.1700","533.0000"
"2015/01/22","534.3900","2662154.0000","521.4800","536.3300","519.7000"
"2015/01/21","518.0400","2259477.0000","507.2500","519.2800","506.2000"
"2015/01/20","506.9000","2222805.0000","511.0000","512.5000","506.0160"
"2015/01/16","508.0800","2291530.0000","500.0100","508.1900","500.0000"
"2015/01/15","501.7900","2710022.0000","505.5700","505.6800","497.7600"
"2015/01/14","500.8700","2210623.0000","494.6500","503.2300","493.0000"
"2015/01/13","496.1800","2365612.0000","498.8400","502.9800","492.3900"
"2015/01/12","492.5500","2317278.0000","494.9400","495.9760","487.5600"
"2015/01/09","496.1700","2063743.0000","504.7600","504.9200","494.7900"
"2015/01/08","502.6800","3341935.0000","497.9900","503.4800","491.0000"
"2015/01/07","501.1000","2053750.0000","507.0000","507.2440","499.6500"
"2015/01/06","501.9600","2884479.0000","515.0000","516.1750","501.0500"
"2015/01/05","513.8700","2049303.0000","523.2600","524.3300","513.0600"
"2015/01/02","524.8100","1444809.0000","529.0100","531.2700","524.1000"
"2014/12/31","526.4000","1367110.0000","531.2500","532.6000","525.8000"
"2014/12/30","530.4200","873644.0000","528.0900","531.1500","527.1300"
"2014/12/29","530.3300","2275392.0000","532.1900","535.4800","530.0110"
"2014/12/26","534.0300","1037486.0000","528.7700","534.2500","527.3100"
"2014/12/24","528.7700","704035.0000","530.5100","531.7590","527.0200"
"2014/12/23","530.5900","2190993.0000","527.0000","534.5600","526.2900"
"2014/12/22","524.8700","2722210.0000","516.0800","526.4600","516.0800"
"2014/12/19","516.3500","3611980.0000","511.5100","517.7200","506.9106"
"2014/12/18","511.1000","2910920.0000","512.9500","513.8700","504.7000"
"2014/12/17","504.8900","2873600.0000","497.0000","507.0000","496.8100"
"2014/12/16","495.3900","3946450.0000","511.5600","513.0500","489.0000"
"2014/12/15","513.8000","2806300.0000","522.7400","523.1000","513.2700"
"2014/12/12","518.6600","1982666.0000","523.5100","528.5000","518.6600"
"2014/12/11","528.3400","1606381.0000","527.8000","533.9200","527.1000"
"2014/12/10","526.0600","1716284.0000","533.0800","536.3300","525.5600"
"2014/12/09","533.3700","1866851.0000","522.1400","534.1900","520.5000"
"2014/12/08","526.9800","2324883.0000","527.1300","531.0000","523.7900"
"2014/12/05","525.2600","2555642.0000","531.0000","532.8900","524.2800"
"2014/12/04","537.3100","1389395.0000","531.1600","537.3400","528.5900"
"2014/12/03","531.3200","1278091.0000","531.4400","535.9960","529.2600"
"2014/12/02","533.7500","1521775.0000","533.5100","535.5000","529.8000"
"2014/12/01","533.8000","2106865.0000","538.9000","541.4100","531.8600"
"2014/11/28","541.8300","1145231.0000","540.6200","542.0000","536.6000"
